Company Name,Company EPA Reg,MRID,Submission Date,Study Date,Description,MRID Admin Number,MRID Guidelines,Active Ingredients,Laboratory Name
"Betco Corp. Ltd, D/b/a Betco Corporation",4170,52840701,4/1/2026,4/1/2026,"Swain, D. (2026) Symplicity Low Temp Machine Sanitizer: Product Chemistry Identity and Composition. Unpublished study prepared by BETCO CORP. LTD, D/B/A BETCO CORPORATION. 28p.",004170-00102,"830.1550;830.1600;830.1620;830.1650;830.1670;830.1700;830.1750;830.1800",Sodium hypochlorite,"BETCO CORP. LTD, D/B/A BETCO CORPORATION"
"Betco Corp. Ltd, D/b/a Betco Corporation",4170,52840702,4/1/2026,4/1/2026,"Swain, D. (2026) Symplicity Low Temp Machine Sanitizer: Preliminary Analysis. Unpublished study prepared by BETCO CORP. LTD, D/B/A BETCO CORPORATION. 18p.",004170-00102,830.1700,Sodium hypochlorite,"BETCO CORP. LTD, D/B/A BETCO CORPORATION"
"Betco Corp. Ltd, D/b/a Betco Corporation",4170,47542901,9/18/2008,7/17/2008,"Gutzmann, K. (2008) Virucidal Efficacy of a Disinfectant for Use on Inanimate Environmental Surfaces Utilizing Duck Hepatitis B Virus as a Surrogate Virus for Human Hepatitis B Virus - Confirmatory Assay: Final Report: OxyFect-H. Project Number: A06424, BT01060208/DHBV/2. Unpublished study prepared by ATS Labs. 23 p.",004170-00100,"810.2100;810.2100",Hydrogen peroxide,"BETCO CORP. LTD, D/B/A BETCO CORPORATION"
"Betco Corp. Ltd, D/b/a Betco Corporation",4170,47535501,9/9/2008,7/30/2008,"Rottjakob, D. (2008) AOAC Use-Dilution Method: Acinetobacter baumannii (ATCC 19606): OxyFect-H: Final Study Report. Project Number: A06483. Unpublished study prepared by ATS Labs. 23 p.",004170-00100,91-2,Hydrogen peroxide,"BETCO CORP. LTD, D/B/A BETCO CORPORATION"
"Betco Corp. Ltd, D/b/a Betco Corporation",4170,47535502,9/9/2008,7/31/2008,"Stemper, A. (2008) Community Acquired Methicillin Resistant Staphylococcus aureus - CA-MRSA (NARSA NRS123) (Genotype USA400): OxyFect-H: Final Report. Project Number: A06489. Unpublished study prepared by ATS Labs. 23 p.",004170-00100,91-2,Hydrogen peroxide,"BETCO CORP. LTD, D/B/A BETCO CORPORATION"
"Betco Corp. Ltd, D/b/a Betco Corporation",4170,47535503,9/9/2008,7/25/2008,"Rottjakob, D. (2008) AOAC Use-Dilution Method: Enterococcus faecalis Vancomycin Resistant (ATCC 51575): OxyFect-H: Final Report. Project Number: A06482. Unpublished study prepared by ATS Labs. 23 p.",004170-00100,91-2,Hydrogen peroxide,"BETCO CORP. LTD, D/B/A BETCO CORPORATION"
"Betco Corp. Ltd, D/b/a Betco Corporation",4170,47535504,9/9/2008,7/21/2008,"Rottjakob, D. (2008) AOAC Use-Dilution Method: Escherichia coli O157:H7 (ATCC 35150): OxyFect-H: Final Report. Project Number: A06431. Unpublished study prepared by ATS Labs. 24 p.",004170-00100,91-2,Hydrogen peroxide,"BETCO CORP. LTD, D/B/A BETCO CORPORATION"
"Betco Corp. Ltd, D/b/a Betco Corporation",4170,47535505,9/9/2008,7/21/2008,"Lien, B. (2008) AOAC Use-Dilution Method: Klebsiella pneumoniae (ATCC 4352): OxyFect-H: Final Report. Project Number: A06484. Unpublished study prepared by ATS Labs. 22 p.",004170-00100,91-2,Hydrogen peroxide,"BETCO CORP. LTD, D/B/A BETCO CORPORATION"
"Betco Corp. Ltd, D/b/a Betco Corporation",4170,47535506,9/9/2008,7/21/2008,"Lien, B. (2008) AOAC Use-Dilution Method: Serratia marcescens (ATCC 14756): OxyFect-H: Final Report. Project Number: A06486. Unpublished study prepared by ATS Labs. 22 p.",004170-00100,91-2,Hydrogen peroxide,"BETCO CORP. LTD, D/B/A BETCO CORPORATION"
"Betco Corp. Ltd, D/b/a Betco Corporation",4170,47535507,9/9/2008,7/29/2008,"Stemper, A. (2008) AOAC Use-Dilution Method: Shigella sonnei (ATCC 25931): OxyFect-H: Final Report. Project Number: A06488. Unpublished study prepared by ATS Labs. 22 p.",004170-00100,91-2,Hydrogen peroxide,"BETCO CORP. LTD, D/B/A BETCO CORPORATION"
"Betco Corp. Ltd, D/b/a Betco Corporation",4170,47535508,9/9/2008,8/1/2008,"Stemper, A. (2008) AOAC Use-Dilution Method: Staphylococcus aureus - MRSA (ATCC 33592): OxyFect-H: Final Report. Project Number: A06490. Unpublished study prepared by ATS Labs. 24 p.",004170-00100,91-2,Hydrogen peroxide,"BETCO CORP. LTD, D/B/A BETCO CORPORATION"
"Betco Corp. Ltd, D/b/a Betco Corporation",4170,47535509,9/9/2008,7/29/2008,"Stemper, A. (2008) AOAC Use-Dilution Method: Streptococcus pneumoniae (ATCC 6303): OxyFect-H: Final Report. Project Number: A06430. Unpublished study prepared by ATS Labs. 23 p.",004170-00100,91-2,Hydrogen peroxide,"BETCO CORP. LTD, D/B/A BETCO CORPORATION"
"Betco Corp. Ltd, D/b/a Betco Corporation",4170,47535510,9/9/2008,7/29/2008,"Lien, B. (2008) EPA Hard Surface Mildew-Fungistatic Test: Aspergillus niger (ATCC 6275): OxyFect-H: Final Report. Project Number: A06487. Unpublished study prepared by ATS Labs. 22 p.",004170-00100,93-12,Hydrogen peroxide,"BETCO CORP. LTD, D/B/A BETCO CORPORATION"
"Betco Corp. Ltd, D/b/a Betco Corporation",4170,47535511,9/9/2008,8/19/2008,"Miller, M. (2008) Virucidal Efficacy of a Disinfectant for Use on Inanimate Environmental Surfaces Utilizing Duck Hepatitis B Virus as a Surrogate Virus for Human Hepatitis B Virus: Final Report. Project Number: A06448. Unpublished study prepared by ATS Labs. 25 p.",004170-00100,,Hydrogen peroxide,"BETCO CORP. LTD, D/B/A BETCO CORPORATION"
"Betco Corp. Ltd, D/b/a Betco Corporation",4170,47535512,9/9/2008,7/9/2008,"Miller, M. (2008) Virucidal Efficacy of a Disinfectant for Use on Inanimate Environmental Surfaces: Herpes simplex virus type 2: OxyFect-H: Final Report. Project Number: A06423. Unpublished study prepared by ATS Labs. 23 p.",004170-00100,"91-2;91-2",Hydrogen peroxide,"BETCO CORP. LTD, D/B/A BETCO CORPORATION"
"Betco Corp. Ltd, D/b/a Betco Corporation",4170,47535513,9/9/2008,7/14/2008,"Gutzmann, K. (2008) Virucidal Efficacy of a Disinfectant for Use on Inanimate Environmental Surfaces: Influenza A virus: OxyFect-H: Final Report. Project Number: A06427. Unpublished study prepared by ATS Labs. 23 p.",004170-00100,"91-2;91-2",Hydrogen peroxide,"BETCO CORP. LTD, D/B/A BETCO CORPORATION"
"Betco Corp. Ltd, D/b/a Betco Corporation",4170,47535514,9/9/2008,7/3/2008,"Miller, M. (2008) Virucidal Efficacy of a Disinfectant for Use on Inanimate Environmental Surfaces: Rotavirus: OxyFect-H: Final Report. Project Number: A06403. Unpublished study prepared by ATS Labs. 23 p.",004170-00100,"91-2;91-2",Hydrogen peroxide,"BETCO CORP. LTD, D/B/A BETCO CORPORATION"
"Betco Corp. Ltd, D/b/a Betco Corporation",4170,47535515,9/9/2008,7/14/2008,"Miller, M. (2008) Virucidal Efficacy of a Disinfectant for Use on Inanimate Environmental Surfaces: Human Immunodeficiency Virus type 1: OxyFect-H: Final Report. Project Number: A06425. Unpublished study prepared by ATS Labs. 23 p.",004170-00100,"91-2;91-2",Hydrogen peroxide,"BETCO CORP. LTD, D/B/A BETCO CORPORATION"
"Betco Corp. Ltd, D/b/a Betco Corporation",4170,47535516,9/9/2008,7/14/2008,"Gutzmann, K. (2008) Virucidal Efficacy of a Disinfectant for Use on Inanimate Environmental Surfaces: Respiratory synctial virus: OxyFect-H: Final Report. Project Number: A06426. Unpublished study prepared by ATS Labs. 23 p.",004170-00100,"91-2;91-2",Hydrogen peroxide,"BETCO CORP. LTD, D/B/A BETCO CORPORATION"
"Betco Corp. Ltd, D/b/a Betco Corporation",4170,47535518,9/9/2008,8/12/2008,"Salverda, J. (2008) AOAC Use-Dilution Method: Staphylococcus aureus - MRSA (ATCC 33592): OxyFect H 1548B: Final Report. Project Number: A06580. Unpublished study prepared by ATS Labs. 23 p.",004170-00100,91-2,Hydrogen peroxide,"BETCO CORP. LTD, D/B/A BETCO CORPORATION"
"Betco Corp. Ltd, D/b/a Betco Corporation",4170,47216301,8/29/2007,7/11/2007,"Agosti, L. (2007) (Inert Ingredient) Test Method For Green Earth Peroxide Cleaner Bathroom Disenfectant. Unpublished study prepared by Betco Corp Ltd. 3 p.",004170-00100,830.1800,Hydrogen peroxide,"BETCO CORP. LTD, D/B/A BETCO CORPORATION"
"Betco Corp. Ltd, D/b/a Betco Corporation",4170,47216302,8/29/2007,7/13/2007,"Sloan, R. (2007) Composition Information QAC 80 and QAC 25 Green Earth Peroxide Cleaner Bathroom Disinfectant. Unpublished study prepared by Betco Corp Ltd. 3 p.",004170-00100,830.1600,Hydrogen peroxide,"BETCO CORP. LTD, D/B/A BETCO CORPORATION"
"Betco Corp. Ltd, D/b/a Betco Corporation",4170,47216303,8/29/2007,7/10/2007,"Rushton, C.; Crutcher, T. (2007) Formulation/ Manufacturing Process Green Earth Peroxide Cleaner Bathroom Disinfectant. Unpublished study prepared by Betco Corp Ltd. 6 p.",004170-00100,830.1620,Hydrogen peroxide,"BETCO CORP. LTD, D/B/A BETCO CORPORATION"
"Betco Corp. Ltd, D/b/a Betco Corporation",4170,47084201,3/21/2007,10/17/2006,"Blaszak, L. (2006) Virucidal Efficacy Test Human Influenza Virus: Final Report. Project Number: 566/122, 566/1/09/06/06. Unpublished study prepared by MicroBioTest, Inc. 24 p.",004170-00100,810.2100,Hydrogen peroxide,"BETCO CORP. LTD, D/B/A BETCO CORPORATION"
"Betco Corp. Ltd, D/b/a Betco Corporation",4170,47063101,2/21/2007,1/23/2007,"Stemper, A. (2007) Product Chemistry Testing: Determination of Physical State, pH, Density, Color, Viscosity, Flash Point and Odor: Green Earth Peroxide Cleaner Bathroom Disinfectant: Final Study Report. Project Number: A04625, BT01010807/PCT. Unpublished study prepared by ATS Labs. 13 p.",004170-00100,"830.6303;830.7000;830.7300;830.6302;830.7100;830.6304",Hydrogen peroxide,"BETCO CORP. LTD, D/B/A BETCO CORPORATION"
"Betco Corp. Ltd, D/b/a Betco Corporation",4170,47063102,2/21/2007,2/6/2007,"Durando, J. (2007) Green Earth Peroxide Cleaner Bathroom Disinfectant: Acute Inhalation Toxicity Study in Rats - LC50. Project Number: 19939, P330. Unpublished study prepared by Product Safety Laboratories. 30 p.",004170-00100,870.1300,Hydrogen peroxide,"BETCO CORP. LTD, D/B/A BETCO CORPORATION"
"Betco Corp. Ltd, D/b/a Betco Corporation",4170,47063103,2/21/2007,2/6/2007,"Durando, J. (2007) Green Earth Peroxide Cleaner Bathroom Disinfectant: Acute Dermal Toxicity Study in Rats - Limit Test. Project Number: 19938, P322/RAT. Unpublished study prepared by Product Safety Laboratories. 14 p.",004170-00100,870.1200,Hydrogen peroxide,"BETCO CORP. LTD, D/B/A BETCO CORPORATION"
"Betco Corp. Ltd, D/b/a Betco Corporation",4170,47063104,2/21/2007,2/6/2007,"Durando, J. (2007) Green Earth Peroxide Cleaner Bathroom Disinfectant: Dermal Sensitization Study in Guinea Pigs (Buehler Method). Project Number: 19942, P328. Unpublished study prepared by Product Safety Laboratories. 22 p.",004170-00100,870.2600,Hydrogen peroxide,"BETCO CORP. LTD, D/B/A BETCO CORPORATION"
"Betco Corp. Ltd, D/b/a Betco Corporation",4170,47063105,2/21/2007,2/6/2007,"Durando, J. (2007) Green Earth Peroxide Cleaner Bathroom Disinfectant: Primary Skin Irritation Study in Rabbits. Project Number: 19941, P326. Unpublished study prepared by Product Safety Laboratories. 15 p.",004170-00100,870.2500,Hydrogen peroxide,"BETCO CORP. LTD, D/B/A BETCO CORPORATION"
"Betco Corp. Ltd, D/b/a Betco Corporation",4170,47063106,2/21/2007,2/6/2007,"Durando, J. (2007) Green Earth Peroxide Cleaner Bathroom Disinfectant: Acute Oral Toxicity Up and Down Procedure in Rats. Project Number: 19937, P320/UDP. Unpublished study prepared by Product Safety Laboratories. 17 p.",004170-00100,870.1100,Hydrogen peroxide,"BETCO CORP. LTD, D/B/A BETCO CORPORATION"
"Betco Corp. Ltd, D/b/a Betco Corporation",4170,47063107,2/21/2007,10/30/2006,"Cherwoo, P. (2006) Virucidal Efficacy Test: Human Immunodeficiency Virus: Green Earth Peroxide Cleaner Bathroom Disinfectant: Final Report. Project Number: 566/113, 566/2/09/06/06. Unpublished study prepared by MicroBioTest, Inc. 22 p.",004170-00100,810.2100,Hydrogen peroxide,"BETCO CORP. LTD, D/B/A BETCO CORPORATION"
"Betco Corp. Ltd, D/b/a Betco Corporation",4170,47063109,2/21/2007,10/28/2006,"Phan, S. (2006) Use Dilution Test: Health Care: Green Earth Peroxide Cleaner Bathroom Disinfectant: Final Report. Project Number: 566/114, 566/1/09/08/06. Unpublished study prepared by MicroBioTest, Inc. 20 p.",004170-00100,810.2100,Hydrogen peroxide,"BETCO CORP. LTD, D/B/A BETCO CORPORATION"
"Betco Corp. Ltd, D/b/a Betco Corporation",4170,47063110,2/21/2007,8/25/2006,"Grabanski, A. (2006) AOAC Use-Dilution Method: Pseudomonas aeruginosa, Staphylococcus aureus, Salmonella choleraesuis: Green Earth Peroxide Cleaner Bathroom Disinfectant: Final Study Report. Project Number: A04089, BT01062306/UD. Unpublished study prepared by ATS Labs. 20 p.",004170-00100,91-2,Hydrogen peroxide,"BETCO CORP. LTD, D/B/A BETCO CORPORATION"
"Betco Corp. Ltd, D/b/a Betco Corporation",4170,45736101,8/14/2002,1/1/2001,"Finley, M. (2001) AOAC Use-Dilution Method: Quat-Stat: Test Organisms: Pseudomonas aeruginosa, Staphylococcus aureus, Salmonella choleraesuis: Final Study Report: Lab Project Number: 10817. Unpublished study prepared by ViroMed Laboratories. 14 p.",061178-00001,,"Alkyl* dimethyl benzyl ammonium chloride *(60%C14, 30%C16, 5%C18, 5%C12);Alkyl* dimethyl ethylbenzyl ammonium chloride *(68%C12, 32%C14)","MICROGEN, INC"
"Betco Corp. Ltd, D/b/a Betco Corporation",4170,45475201,8/9/2001,1/1/1997,"Prince, D. (1997) AOAC Germicidal Spray Test on Forest 5 Disinfectant Spray: Final Report: Lab Project Number: G-99509: GR 1425: 1889. Unpublished study prepared by Gibraltar Laboratories, Inc. 9 p.",004170-00036,,"Alkyl* dimethyl benzyl ammonium chloride *(60%C14, 30%C16, 5%C18, 5%C12);Alkyl* dimethyl ethylbenzyl ammonium chloride *(68%C12, 32%C14)","BETCO CORP. LTD, D/B/A BETCO CORPORATION"
"Betco Corp. Ltd, D/b/a Betco Corporation",4170,44376301,9/10/1997,1/1/1997,"Lewis, R. (1997) Chemical and Physical Tests for End-Use Products: Betco Product 627: Lab Project Number: 973921. Unpublished study prepared by Leberco Celsis Testing. 9 p.",004170-00084,63-0,Triclosan,"BETCO CORP. LTD, D/B/A BETCO CORPORATION"
"Betco Corp. Ltd, D/b/a Betco Corporation",4170,44376302,9/10/1997,1/1/1997,"Lewis, R. (1997) Corrosion Testing of Metals: Betco Product 627: Lab Project Number: 973922. Unpublished study prepared by Leberco Celsis Testing. 13 p.",004170-00084,63-20,Triclosan,"BETCO CORP. LTD, D/B/A BETCO CORPORATION"
"Betco Corp. Ltd, D/b/a Betco Corporation",4170,44376303,9/10/1997,1/1/1997,"Lewis, R. (1997) Oxidation/Reduction (Redox) Determination: Betco Product 627: Lab Project Number: 978330. Unpublished study prepared by Leberco Celsis Testing. 9 p.",004170-00084,63-14,Triclosan,"BETCO CORP. LTD, D/B/A BETCO CORPORATION"
"Betco Corp. Ltd, D/b/a Betco Corporation",4170,44376304,9/10/1997,1/1/1995,"Wnorowski, G. (1995) Primary Eye Irritation: (in Rabbits) Betco Product 627: Lab Project Number: 3735: P324. Unpublished study prepared by Product Safety Labs. 21 p.",004170-00084,81-4,Triclosan,"BETCO CORP. LTD, D/B/A BETCO CORPORATION"
"Betco Corp. Ltd, D/b/a Betco Corporation",4170,44376305,9/10/1997,1/1/1995,"Wnorowski, G. (1995) Primary Skin Irritation: (in Rabbits) Betco Product 627: Lab Project Number: P326: 3736. Unpublished study prepared by Product Safety Labs. 17 p.",004170-00084,81-5,Triclosan,"BETCO CORP. LTD, D/B/A BETCO CORPORATION"
"Betco Corp. Ltd, D/b/a Betco Corporation",4170,44376306,9/10/1997,1/1/1995,"Wnorowski, G. (1995) Acute Oral Toxicity Limit Test: (in Rats) Betco Product 627: Lab Project Number: 3734: P320. Unpublished study prepared by Product Safety Labs. 15 p.",004170-00084,81-1,Triclosan,"BETCO CORP. LTD, D/B/A BETCO CORPORATION"
"Betco Corp. Ltd, D/b/a Betco Corporation",4170,44376307,9/10/1997,1/1/1995,"Wnorowski, G. (1995) Acute Dermal Toxicity Limit Test: (in Rats) Betco Product 627: Lab Project Number: 3737: P322. Unpublished study prepared by Product Safety Labs. 15 p.",004170-00084,81-2,Triclosan,"BETCO CORP. LTD, D/B/A BETCO CORPORATION"
"Betco Corp. Ltd, D/b/a Betco Corporation",4170,44376308,9/10/1997,1/1/1997,"Gilman, M. (1997) Delayed Contact Hypersensitivity Modified Buehler Method (in Guinea Pigs): Betco Product 627: Lab Project Number: 972057. Unpublished study prepared by Leberco-Celsis Testing. 27 p.",004170-00084,81-6,Triclosan,"BETCO CORP. LTD, D/B/A BETCO CORPORATION"
"Betco Corp. Ltd, D/b/a Betco Corporation",4170,44174301,12/11/1996,1/1/1996,"Wright, T. (1996) Product Chemistry (Manufacturing Procedure and Impurities): Betco Lemon. Unpublished study prepared by Betco Corp. 5 p.",004170-00083,"61-2;61-3","1-Decanaminium, N,N-dimethyl-N-octyl-, chloride;1-Decanaminium, N-decyl-N,N-dimethyl-, chloride;1-Octanaminium, N,N-dimethyl-N-octyl-, chloride;Alkyl* dimethyl benzyl ammonium chloride *(50%C14, 40%C12, 10%C16)","BETCO CORP. LTD, D/B/A BETCO CORPORATION"
"Betco Corp. Ltd, D/b/a Betco Corporation",4170,44174302,12/11/1996,1/1/1996,"Wright, T. (1996) Product Chemistry (Certification of Limits): Betco Lemon. Unpublished study prepared by Betco Corp. 4 p.",004170-00083,62-2,"1-Decanaminium, N,N-dimethyl-N-octyl-, chloride;1-Decanaminium, N-decyl-N,N-dimethyl-, chloride;1-Octanaminium, N,N-dimethyl-N-octyl-, chloride;Alkyl* dimethyl benzyl ammonium chloride *(50%C14, 40%C12, 10%C16)","BETCO CORP. LTD, D/B/A BETCO CORPORATION"
"Betco Corp. Ltd, D/b/a Betco Corporation",4170,44149501,10/29/1996,1/1/1996,"Wright, T. (1996) Product Chemistry: pH7Q: (Product Identity and Composition). Unpublished study prepared by Betco Corp. 5 p.",004170-00082,"61-2;61-3","1-Decanaminium, N,N-dimethyl-N-octyl-, chloride;1-Decanaminium, N-decyl-N,N-dimethyl-, chloride;1-Octanaminium, N,N-dimethyl-N-octyl-, chloride;Alkyl* dimethyl benzyl ammonium chloride *(50%C14, 40%C12, 10%C16)","BETCO CORP. LTD, D/B/A BETCO CORPORATION"
"Betco Corp. Ltd, D/b/a Betco Corporation",4170,44149502,10/29/1996,1/1/1996,"Wright, T. (1996) Product Chemistry: pH7Q: (Analysis and Certification of Product Ingredients). Unpublished study prepared by Betco Corp. 4 p.",004170-00082,62-2,"1-Decanaminium, N,N-dimethyl-N-octyl-, chloride;1-Decanaminium, N-decyl-N,N-dimethyl-, chloride;1-Octanaminium, N,N-dimethyl-N-octyl-, chloride;Alkyl* dimethyl benzyl ammonium chloride *(50%C14, 40%C12, 10%C16)","BETCO CORP. LTD, D/B/A BETCO CORPORATION"
"Betco Corp. Ltd, D/b/a Betco Corporation",4170,44120601,9/24/1996,1/1/1996,"Wright, T. (1996) Flying Insect Killer: Product Chemistry: (Product Identity and Composition). Unpublished study prepared by Betco Corp. 4 p.",004170-00081,"61-2;61-3",Bioresmethrin,"BETCO CORP. LTD, D/B/A BETCO CORPORATION"
"Betco Corp. Ltd, D/b/a Betco Corporation",4170,44118201,9/19/1996,1/1/1996,"Wright, T. (1996) Wasp and Hornet Killer: Product Chemistry: (Product Identity and Composition). Unpublished study prepared by Betco Corp. 4 p.",004170-00080,"61-2;61-3","Permethrin;Piperonyl butoxide;Tetramethrin","BETCO CORP. LTD, D/B/A BETCO CORPORATION"
"Betco Corp. Ltd, D/b/a Betco Corporation",4170,44040201,6/19/1996,1/1/1996,"Wright, T. (1996) Product Chemistry: (Product Identity and Composition): (FI29 Industrial Insect Killer). Unpublished study prepared by Betco Corp. 4 p.",004170-00079,"61-2;61-3","Permethrin;Piperonyl butoxide;Pyrethrins","BETCO CORP. LTD, D/B/A BETCO CORPORATION"
"Betco Corp. Ltd, D/b/a Betco Corporation",4170,43683501,6/15/1995,1/1/1995,"Snyder, A. (1995) The Evaluation of the Efficacy of Product Against Staphylococcus aureus, Salmonella choleraesuis and Pseudomonas aeruginosa in the Presence of Filter Sterilized Tap Water and A 5% Soil Load: Bol Maid: Lab Project Number: 1046. Unpublished study prepared by ViroMed Lab., Inc. 9 p.","004170-00039, 004170-00052, 004170-00054",,"1-Decanaminium, N,N-dimethyl-N-octyl-, chloride;1-Decanaminium, N-decyl-N,N-dimethyl-, chloride;1-Octanaminium, N,N-dimethyl-N-octyl-, chloride;Alkyl* dimethyl benzyl ammonium chloride *(50%C14, 40%C12, 10%C16);Hydrochloric acid","BETCO CORP. LTD, D/B/A BETCO CORPORATION"
"Betco Corp. Ltd, D/b/a Betco Corporation",4170,43683502,6/15/1995,1/1/1995,"Bowdon, B. (1995) Virucidal Efficacy of Betco Corporation's Bol-Maid Against the Human Immunodeficiency Virus: Lab Project Number: 8655/1: 0231. Unpublished study prepared by Southern Research Institute. 12 p.","004170-00039, 004170-00052, 004170-00054",,"1-Decanaminium, N,N-dimethyl-N-octyl-, chloride;1-Decanaminium, N-decyl-N,N-dimethyl-, chloride;1-Octanaminium, N,N-dimethyl-N-octyl-, chloride;Alkyl* dimethyl benzyl ammonium chloride *(50%C14, 40%C12, 10%C16);Hydrochloric acid","BETCO CORP. LTD, D/B/A BETCO CORPORATION"
"Betco Corp. Ltd, D/b/a Betco Corporation",4170,44117001,6/6/1995,1/1/1995,"Snyder, A. (1995) The Evaluation of the Efficacy of Betco Corporation's Product (Kling) Against Staphylococcus aureus, Salmonella choleraesuis and Pseudomonas aeruginosa in the Presence of Filter Sterilized Tap Water and a 5% Soil Load: Lab Project Number: 1044. Unpublished study prepared by ViroMed Laboratories, Inc. 9 p.",004170-00054,,"1-Decanaminium, N,N-dimethyl-N-octyl-, chloride;1-Decanaminium, N-decyl-N,N-dimethyl-, chloride;1-Octanaminium, N,N-dimethyl-N-octyl-, chloride;Alkyl* dimethyl benzyl ammonium chloride *(50%C14, 40%C12, 10%C16);Hydrochloric acid","BETCO CORP. LTD, D/B/A BETCO CORPORATION"
"Betco Corp. Ltd, D/b/a Betco Corporation",4170,43637901,5/9/1995,1/1/1995,"Snyder, A. (1995) The Evaluation of the Efficacy of Product (Pull Disinfectant Toilet Bowl/Urinal Cleaner) Against Staphylococcus aureus, Salmonella choleraesuis and Pseudomonas aeruginosa in the Presence of Filter Sterilized Tap Water and 5% Soil Load: Lab Project Number: 1045. Unpublished study prepared by ViroMed Labs, Inc. 14 p.",004170-00052,,"1-Decanaminium, N,N-dimethyl-N-octyl-, chloride;1-Decanaminium, N-decyl-N,N-dimethyl-, chloride;1-Octanaminium, N,N-dimethyl-N-octyl-, chloride;Alkyl* dimethyl benzyl ammonium chloride *(50%C14, 40%C12, 10%C16);Hydrochloric acid","BETCO CORP. LTD, D/B/A BETCO CORPORATION"
"Betco Corp. Ltd, D/b/a Betco Corporation",4170,43637902,5/9/1995,1/1/1995,"Bowdon, S. (1995) Virucidal Efficacy of Betco Corporation's Pull Disinfectant Toilet Bowl/Urinal Cleaner Against the Human Immunodeficiency Virus: Lab Project Number: 8655.1: 0230. Unpublished study prepared by Southern Research Institute. 11 p.",004170-00052,,"1-Decanaminium, N,N-dimethyl-N-octyl-, chloride;1-Decanaminium, N-decyl-N,N-dimethyl-, chloride;1-Octanaminium, N,N-dimethyl-N-octyl-, chloride;Alkyl* dimethyl benzyl ammonium chloride *(50%C14, 40%C12, 10%C16);Hydrochloric acid","BETCO CORP. LTD, D/B/A BETCO CORPORATION"
"Betco Corp. Ltd, D/b/a Betco Corporation",4170,43473201,12/6/1994,1/1/1994,"Wright, T. (1994) Product Chemistry: (Analysis and Certification): (Betsy): Lab Project Number: BETSY. Unpublished study prepared by Betco Corp. 8 p.",004170-00040,"62-2;62-3","Alkyl* dimethyl benzyl ammonium chloride *(50%C14, 40%C12, 10%C16);Phosphoric acid","BETCO CORP. LTD, D/B/A BETCO CORPORATION"
"Betco Corp. Ltd, D/b/a Betco Corporation",4170,43473202,12/6/1994,1/1/1994,"Wright, T. (1994) Product Chemistry: (Physical & Chemical Characteristics): (Betsy): Lab Project Number: BETSY. Unpublished study prepared by Betco Corp. 13 p.",004170-00040,63-0,"Alkyl* dimethyl benzyl ammonium chloride *(50%C14, 40%C12, 10%C16);Phosphoric acid","BETCO CORP. LTD, D/B/A BETCO CORPORATION"
"Betco Corp. Ltd, D/b/a Betco Corporation",4170,43473301,12/6/1994,1/1/1994,"Wright, T. (1994) Product Chemistry: (Analysis and Certification): (Pull): Lab Project Number: PULL. Unpublished study prepared by Betco, Corp. 8 p.",004170-00052,"62-2;62-3","1-Decanaminium, N,N-dimethyl-N-octyl-, chloride;1-Decanaminium, N-decyl-N,N-dimethyl-, chloride;1-Octanaminium, N,N-dimethyl-N-octyl-, chloride;Alkyl* dimethyl benzyl ammonium chloride *(50%C14, 40%C12, 10%C16);Hydrochloric acid","BETCO CORP. LTD, D/B/A BETCO CORPORATION"
"Betco Corp. Ltd, D/b/a Betco Corporation",4170,43473302,12/6/1994,1/1/1994,"Wright, T. (1994) Product Chemistry: (Physical and Chemical Characteristics): (Pull): Lab Project Number: PULL. Unpublished study prepared by Betco, Corp. 13 p.",004170-00052,63-0,"1-Decanaminium, N,N-dimethyl-N-octyl-, chloride;1-Decanaminium, N-decyl-N,N-dimethyl-, chloride;1-Octanaminium, N,N-dimethyl-N-octyl-, chloride;Alkyl* dimethyl benzyl ammonium chloride *(50%C14, 40%C12, 10%C16);Hydrochloric acid","BETCO CORP. LTD, D/B/A BETCO CORPORATION"
"Betco Corp. Ltd, D/b/a Betco Corporation",4170,43473801,12/6/1994,1/1/1994,"Wright, T. (1994) Product Chemistry (Analysis and Certification): Kling: Lab Project Number: KLING. Unpublished study prepared by Betco Corp. 8 p.",004170-00054,"62-2;62-3","1-Decanaminium, N,N-dimethyl-N-octyl-, chloride;1-Decanaminium, N-decyl-N,N-dimethyl-, chloride;1-Octanaminium, N,N-dimethyl-N-octyl-, chloride;Alkyl* dimethyl benzyl ammonium chloride *(50%C14, 40%C12, 10%C16);Hydrochloric acid","BETCO CORP. LTD, D/B/A BETCO CORPORATION"
"Betco Corp. Ltd, D/b/a Betco Corporation",4170,43473802,12/6/1994,1/1/1994,"Wright, T. (1994) Product Chemistry (Physical & Chemical Characteristics): Kling: Lab Project Number: KLING. Unpublished study prepared by Betco Corp. 13 p.",004170-00054,"63-0;63-17","1-Decanaminium, N,N-dimethyl-N-octyl-, chloride;1-Decanaminium, N-decyl-N,N-dimethyl-, chloride;1-Octanaminium, N,N-dimethyl-N-octyl-, chloride;Alkyl* dimethyl benzyl ammonium chloride *(50%C14, 40%C12, 10%C16);Hydrochloric acid","BETCO CORP. LTD, D/B/A BETCO CORPORATION"
"Betco Corp. Ltd, D/b/a Betco Corporation",4170,43473901,12/6/1994,1/1/1994,"Wright, T. (1994) Product Chemistry (Analysis and Certification): Stix. Unpublished study prepared by Betco Corp. 8 p.",004170-00053,"62-2;62-3","Alkyl* dimethyl benzyl ammonium chloride *(50%C14, 40%C12, 10%C16);Phosphoric acid","BETCO CORP. LTD, D/B/A BETCO CORPORATION"
"Betco Corp. Ltd, D/b/a Betco Corporation",4170,43473902,12/6/1994,1/1/1994,"Wright, T. (1994) Product Chemistry (Physical and Chemical Characteristics): Stix. Unpublished study prepared by Betco Corp. 13 p.",004170-00053,"63-0;63-17","Alkyl* dimethyl benzyl ammonium chloride *(50%C14, 40%C12, 10%C16);Phosphoric acid","BETCO CORP. LTD, D/B/A BETCO CORPORATION"
"Betco Corp. Ltd, D/b/a Betco Corporation",4170,43473501,12/5/1994,1/1/1994,"Wright, T. (1994) Product Chemistry: (Analysis and Certification): (Bol Maid): Lab Project Number: BOL MAID. Unpublished study prepared by Betco, Corp. 8 p.",004170-00039,"62-2;62-3","1-Decanaminium, N,N-dimethyl-N-octyl-, chloride;1-Decanaminium, N-decyl-N,N-dimethyl-, chloride;1-Octanaminium, N,N-dimethyl-N-octyl-, chloride;Alkyl* dimethyl benzyl ammonium chloride *(50%C14, 40%C12, 10%C16);Hydrochloric acid","BETCO CORP. LTD, D/B/A BETCO CORPORATION"
"Betco Corp. Ltd, D/b/a Betco Corporation",4170,43473502,12/5/1994,1/1/1994,"Wright, T. (1994) Product Chemistry: (Physical and Chemical Characteristics): (Bol Maid): Lab Project Number: BOL MAID. Unpublished study prepared by Betco, Corp. 13 p.",004170-00039,63-0,"1-Decanaminium, N,N-dimethyl-N-octyl-, chloride;1-Decanaminium, N-decyl-N,N-dimethyl-, chloride;1-Octanaminium, N,N-dimethyl-N-octyl-, chloride;Alkyl* dimethyl benzyl ammonium chloride *(50%C14, 40%C12, 10%C16);Hydrochloric acid","BETCO CORP. LTD, D/B/A BETCO CORPORATION"
"Betco Corp. Ltd, D/b/a Betco Corporation",4170,43316601,7/26/1994,1/1/1994,"Bowdon, B. (1994) Virucidal Efficacy of Betco Corporation's Sure Bet Against the Human Immunodeficiency Virus: Lab Project Number: 8318: 0188. Unpublished study prepared by Southern Research Institute. 11 p.",004170-00068,,"1-Decanaminium, N,N-dimethyl-N-octyl-, chloride;1-Decanaminium, N-decyl-N,N-dimethyl-, chloride;1-Octanaminium, N,N-dimethyl-N-octyl-, chloride;Alkyl* dimethyl benzyl ammonium chloride *(50%C14, 40%C12, 10%C16)","BETCO CORP. LTD, D/B/A BETCO CORPORATION"
"Betco Corp. Ltd, D/b/a Betco Corporation",4170,42969801,10/18/1993,1/1/1993,"Sullivan, S. (1993) The Evaluation of the Efficacy of Betco Corporation's Compounds against Pseudomonas aeruginosa, Staphylococcus aureus and Salmonella choleraesuis: Lab Project Number: 443. Unpublished study prepared by ViroMed Laboratories, Inc. 7 p.",004170-00038,,"Alkyl* dimethyl benzyl ammonium chloride *(60%C14, 30%C16, 5%C18, 5%C12);Alkyl* dimethyl ethylbenzyl ammonium chloride *(68%C12, 32%C14)","BETCO CORP. LTD, D/B/A BETCO CORPORATION"
