source_pdf,output_file,formula_code,version,project_number,lab,organisms_count,assays,illegible_count,status
074123a1-531e-4b0d-8d64-2bfb905660d4.pdf,079_074123a1-531e-4b0d-8d64-2bfb905660d4.md,079,UNKNOWN,UNKNOWN,UNKNOWN,7,"bactericidal,virucidal,fungicidal",14,OK
0f9ab816-ba72-4bda-a557-f8fe6cdadc45.pdf,1086_0f9ab816-ba72-4bda-a557-f8fe6cdadc45.md,1086,UNKNOWN,UNKNOWN,UNKNOWN,14,"bactericidal,virucidal,fungicidal",28,OK
137b1f74-97bd-468d-a91c-d65f96a3b1af.pdf,315_137b1f74-97bd-468d-a91c-d65f96a3b1af.md,315,UNKNOWN,UNKNOWN,UNKNOWN,13,"bactericidal,virucidal,mildew",26,OK
15b7b49f-065a-49e7-a4e0-7ed0a9cea576.pdf,087_15b7b49f-065a-49e7-a4e0-7ed0a9cea576.md,087,UNKNOWN,UNKNOWN,UNKNOWN,17,"bactericidal,virucidal,fungicidal",34,OK
1bc58d3c-5562-4cca-8042-2064175a2024.pdf,SKIPPED,UNKNOWN,UNKNOWN,UNKNOWN,UNKNOWN,0,NONE,0,NOT_EFFICACY
1db4046d-f445-442d-a002-852d7c6ec633.pdf,342_1db4046d-f445-442d-a002-852d7c6ec633.md,342,UNKNOWN,UNKNOWN,UNKNOWN,8,sanitizer,16,OK
26dfb4b9-5dab-4b1b-bede-b9631ac1f8b0.pdf,355_26dfb4b9-5dab-4b1b-bede-b9631ac1f8b0.md,355,UNKNOWN,UNKNOWN,UNKNOWN,15,bactericidal,32,OK
2b8d74f5-f986-4150-9cb4-98bf8bbed410.pdf,079_2b8d74f5-f986-4150-9cb4-98bf8bbed410.md,079,UNKNOWN,UNKNOWN,UNKNOWN,7,"bactericidal,virucidal,fungicidal",14,OK
2cf95400-c62e-477f-a199-9cdee760acc4.pdf,SKIPPED,UNKNOWN,UNKNOWN,UNKNOWN,UNKNOWN,0,NONE,0,NOT_EFFICACY
2d091f83-7d62-48e9-9b04-2496b3dc7dc1.pdf,311_2d091f83-7d62-48e9-9b04-2496b3dc7dc1.md,311,UNKNOWN,UNKNOWN,UNKNOWN,3,"virucidal,fungicidal,tuberculocidal",6,OK
3817855e-ad05-42ff-b0fb-7296819e9e42.pdf,316_3817855e-ad05-42ff-b0fb-7296819e9e42.md,316,UNKNOWN,UNKNOWN,UNKNOWN,43,"bactericidal,virucidal,fungicidal",86,OK
48471aa7-6861-43b8-9947-6d6a3e340a3c.pdf,390_48471aa7-6861-43b8-9947-6d6a3e340a3c.md,390,UNKNOWN,UNKNOWN,UNKNOWN,16,"bactericidal,virucidal,fungicidal,tuberculocidal,sanitizer",34,OK
5077751a-74e7-4ef0-aa24-ca3914722003.pdf,341_5077751a-74e7-4ef0-aa24-ca3914722003.md,341,UNKNOWN,UNKNOWN,UNKNOWN,20,bactericidal,40,OK
526add88-7cc7-4afd-9ee1-0111776b9ccb.pdf,070_526add88-7cc7-4afd-9ee1-0111776b9ccb.md,070,UNKNOWN,UNKNOWN,UNKNOWN,9,"bactericidal,virucidal,fungicidal",18,OK
5c8e8873-f967-40e3-904f-28ec656a2195.pdf,070_5c8e8873-f967-40e3-904f-28ec656a2195.md,070,UNKNOWN,UNKNOWN,UNKNOWN,9,"bactericidal,virucidal,fungicidal",18,OK
657396e1-ae66-4ec7-ba53-6c68a2f3abce.pdf,342_657396e1-ae66-4ec7-ba53-6c68a2f3abce.md,342,UNKNOWN,UNKNOWN,UNKNOWN,8,sanitizer,16,OK
65808d51-06f5-4c38-8c9a-cd69d34837e8.pdf,314_65808d51-06f5-4c38-8c9a-cd69d34837e8.md,314,UNKNOWN,UNKNOWN,UNKNOWN,16,"bactericidal,virucidal,mildew",32,OK
6a9918b7-3007-418d-b2ba-3a340813dcc5.pdf,355_6a9918b7-3007-418d-b2ba-3a340813dcc5.md,355,UNKNOWN,UNKNOWN,UNKNOWN,25,mildew,56,OK
7a112795-1236-4d82-a12a-66ab8f87a7b3.pdf,355_7a112795-1236-4d82-a12a-66ab8f87a7b3.md,355,UNKNOWN,UNKNOWN,UNKNOWN,15,bactericidal,32,OK
7a72ec03-dd4f-4451-bab2-169a26bb12fe.pdf,392_7a72ec03-dd4f-4451-bab2-169a26bb12fe.md,392,UNKNOWN,UNKNOWN,UNKNOWN,11,"bactericidal,fungicidal,tuberculocidal",22,OK
7ad28001-06ca-414f-a5ff-8d84d7b992d7.pdf,333_7ad28001-06ca-414f-a5ff-8d84d7b992d7.md,333,UNKNOWN,UNKNOWN,UNKNOWN,26,bactericidal,52,OK
81273f4d-d7d8-451a-af99-2ec8e6dc23be.pdf,392_81273f4d-d7d8-451a-af99-2ec8e6dc23be.md,392,UNKNOWN,UNKNOWN,UNKNOWN,11,"bactericidal,fungicidal,tuberculocidal",22,OK
8557f96f-c33c-48ad-bfb4-6e4b59ec76f4.pdf,3820_8557f96f-c33c-48ad-bfb4-6e4b59ec76f4.md,3820,UNKNOWN,UNKNOWN,UNKNOWN,9,"bactericidal,virucidal,fungistatic",20,OK
8f963caa-91d9-4f2a-9424-a3491b90f737.pdf,390_8f963caa-91d9-4f2a-9424-a3491b90f737.md,390,UNKNOWN,UNKNOWN,UNKNOWN,18,"bactericidal,virucidal,fungicidal",36,OK
9cf20e10-f48b-49e7-b6d8-7a8ebf8a8291.pdf,392_9cf20e10-f48b-49e7-b6d8-7a8ebf8a8291.md,392,UNKNOWN,UNKNOWN,UNKNOWN,14,"bactericidal,virucidal,fungicidal,tuberculocidal",28,OK
9f7404a3-eac0-4f38-8d60-1f91b58e4f8d.pdf,311_9f7404a3-eac0-4f38-8d60-1f91b58e4f8d.md,311,UNKNOWN,UNKNOWN,UNKNOWN,3,"virucidal,fungicidal,tuberculocidal",6,OK
a0a93e20-75bb-4cd4-b826-0fd787865445.pdf,237_a0a93e20-75bb-4cd4-b826-0fd787865445.md,237,UNKNOWN,UNKNOWN,UNKNOWN,15,sanitizer,34,OK
a6c60a1a-2bb8-4895-8ccb-24c2e4f58b20.pdf,331_a6c60a1a-2bb8-4895-8ccb-24c2e4f58b20.md,331,UNKNOWN,UNKNOWN,UNKNOWN,3,"bactericidal,mildew",6,OK
abbccb5a-3dc7-488d-ae1d-97e611be3e16.pdf,331_abbccb5a-3dc7-488d-ae1d-97e611be3e16.md,331,UNKNOWN,UNKNOWN,UNKNOWN,3,"bactericidal,mildew",6,OK
acc9da8d-a682-4338-822a-c43c7773b53d.pdf,087_acc9da8d-a682-4338-822a-c43c7773b53d.md,087,UNKNOWN,UNKNOWN,UNKNOWN,17,"bactericidal,virucidal,fungicidal",34,OK
b04057f1-5909-4a59-844d-0630e9f16a95.pdf,237_b04057f1-5909-4a59-844d-0630e9f16a95.md,237,UNKNOWN,UNKNOWN,UNKNOWN,15,sanitizer,34,OK
b7dac18f-8e64-4551-88a3-beeb58aaab59.pdf,3820_b7dac18f-8e64-4551-88a3-beeb58aaab59.md,3820,UNKNOWN,UNKNOWN,UNKNOWN,9,"bactericidal,virucidal,fungistatic",20,OK
b80b0c2a-f6b1-405a-8da8-d2af0429c64d.pdf,390_b80b0c2a-f6b1-405a-8da8-d2af0429c64d.md,390,UNKNOWN,UNKNOWN,UNKNOWN,18,"bactericidal,virucidal,fungicidal",36,OK
c1ce77e5-6403-48b3-aa5a-66b4bafa51f1.pdf,1086_c1ce77e5-6403-48b3-aa5a-66b4bafa51f1.md,1086,UNKNOWN,UNKNOWN,UNKNOWN,14,"bactericidal,virucidal,fungicidal",28,OK
ca65b29d-d8be-4f11-95bc-2dde047a0307.pdf,315_ca65b29d-d8be-4f11-95bc-2dde047a0307.md,315,UNKNOWN,UNKNOWN,UNKNOWN,13,"bactericidal,virucidal,mildew",26,OK
d5dad21b-2e19-4fb9-bdb9-a50a372ddbc1.pdf,316_d5dad21b-2e19-4fb9-bdb9-a50a372ddbc1.md,316,UNKNOWN,UNKNOWN,UNKNOWN,43,"bactericidal,virucidal,fungicidal",86,OK
d914b547-dc0f-44ab-adb8-a85f56e96eb8.pdf,314_d914b547-dc0f-44ab-adb8-a85f56e96eb8.md,314,UNKNOWN,UNKNOWN,UNKNOWN,16,"bactericidal,virucidal,mildew",32,OK
dc872d3c-7c7e-4be2-b122-ad1a53c37a27.pdf,392_dc872d3c-7c7e-4be2-b122-ad1a53c37a27.md,392,UNKNOWN,UNKNOWN,UNKNOWN,14,"bactericidal,virucidal,fungicidal,tuberculocidal",28,OK
dfab1236-8735-4771-b0de-2fe2c3c3ddf2.pdf,355_dfab1236-8735-4771-b0de-2fe2c3c3ddf2.md,355,UNKNOWN,UNKNOWN,UNKNOWN,25,mildew,56,OK
e5e9ddae-a9f2-4954-9239-038faf2b36fd.pdf,333_e5e9ddae-a9f2-4954-9239-038faf2b36fd.md,333,UNKNOWN,UNKNOWN,UNKNOWN,26,bactericidal,52,OK
e6ac2bdd-6471-4c7b-8b90-e7669933433c.pdf,390_e6ac2bdd-6471-4c7b-8b90-e7669933433c.md,390,UNKNOWN,UNKNOWN,UNKNOWN,16,"bactericidal,virucidal,fungicidal,tuberculocidal,sanitizer",34,OK
eaa191d5-67ff-496c-8c45-842fd81f6a1f.pdf,311_eaa191d5-67ff-496c-8c45-842fd81f6a1f.md,311,UNKNOWN,UNKNOWN,UNKNOWN,2,"virucidal,tuberculocidal",4,OK
f6e796f3-7ad1-42cd-a082-e74243b29c6d.pdf,304_f6e796f3-7ad1-42cd-a082-e74243b29c6d.md,304,UNKNOWN,UNKNOWN,UNKNOWN,38,"bactericidal,virucidal,mildew",76,OK
fe4c39b8-1e7c-4dc0-9120-0b8ab96e05f9.pdf,311_fe4c39b8-1e7c-4dc0-9120-0b8ab96e05f9.md,311,UNKNOWN,UNKNOWN,UNKNOWN,2,"virucidal,tuberculocidal",4,OK
ffa826e0-60e3-4e1b-b522-9481e35d3399.pdf,341_ffa826e0-60e3-4e1b-b522-9481e35d3399.md,341,UNKNOWN,UNKNOWN,UNKNOWN,20,bactericidal,40,OK
ffe88670-425b-45f5-9a5e-025727286ee3.pdf,304_ffe88670-425b-45f5-9a5e-025727286ee3.md,304,UNKNOWN,UNKNOWN,UNKNOWN,38,"bactericidal,virucidal,mildew",76,OK
