formula_code,version,third_party_lab,project_number,date_changed,is_current,description_of_change,status,organisms_tested,organisms_tested_source,cites_earlier_version_data,source_pdf_filename,pdf_match_count,pdf_match_strategy,product_sku,flags,sheet_source
M000141,9,N/A,None Needed,5/8/25,true,Updating RPGLYZZ to RUSPGZZ to ensure use of USP grade Propylene Glycol.,active,Pseudomonas aeruginosa ATCC15442; Staphylococcus aureus ATCC 6538; Salmonella enterica ATCC 10708,current_version_efficacy_sheet,,,0,,,"NO_TESTING_COMMISSIONED: sheet lists no lab/project for this version (e.g. ""None Needed""/""N/A""/blank) — no PDF expected, not a data gap",master_version_table
M000141,8,Microbac,V566-121,10/3/23,false,"Updated Raw Code from R30SLIZ to RLO30IZ to be compliant with new 1,4 Dioxane regulations. Updating code to restrict Suppliers 10/3/2023, Updated water code to reflect new DI system 7/19/23, New formulation to remove MIPA, improve efficacy, and add new thickening package 04/05/2023",superseded,PA; SA; SE,pdf_filename_abbrev,,efficacy/raw/M000141 Efficacy Reports/M000141 Version 8 Project 566-121 PA SA SE.pdf,1,formula+version,,,master_version_table
M000141,7,N/A,None Needed,6/28/22,false,Version 4 (05) with RSUSPZZ instead of RSALTIZ.,superseded,,none_found,,,0,,,"NO_TESTING_COMMISSIONED: sheet lists no lab/project for this version (e.g. ""None Needed""/""N/A""/blank) — no PDF expected, not a data gap",master_version_table
M000141,6,N/A,None Needed,N/A,false,"No Version 6, Never Activated",never_activated,,none_found,,,0,,,"NO_TESTING_COMMISSIONED: sheet lists no lab/project for this version (e.g. ""None Needed""/""N/A""/blank) — no PDF expected, not a data gap",master_version_table
M000141,5,Element or Microbac,A36178 or 556-120,3/21/22,false,"New formulation overhaul. Blew apart MIPA, upped PPMPHEN, changed thickening package. Never Activated",never_activated,PA; SA; SE,pdf_filename_abbrev,,efficacy/raw/M000141 Efficacy Reports/M000141 Version 5 Project A36178 PA SA SE.pdf,1,formula+version,,"PROJECT_NUMBER_FILED_ELSEWHERE: sheet lists project token ""556-120"" for M000141 v5, but that project number is only found in filename(s): M000751 ""M000751 Version 4 Projection 556-120 PA SA SE.pdf""; M000759 ""M000759 Version 7 Project 556-120 PA SA SE.pdf"" — sheet text may be misattributed to this version",master_version_table
M000141,4,ALG (now Element),"A29692, A29693, A29694",5/26/20,false,New fagrance. reformulation to consolidate other lotion soaps,superseded,SA; PA; SE,pdf_filename_abbrev,,efficacy/raw/M000141 Efficacy Reports/M000141 Version 4 Project A29692 SA.pdf; efficacy/raw/M000141 Efficacy Reports/M000141 Version 4 Project A29693 PA.pdf; efficacy/raw/M000141 Efficacy Reports/M000141 Version 4 Project A29694 SE.pdf,3,formula+version,,,master_version_table
M000141,3,N/A,None Needed,N/A,false,No Version 3,never_activated,,none_found,,,0,,,"NO_TESTING_COMMISSIONED: sheet lists no lab/project for this version (e.g. ""None Needed""/""N/A""/blank) — no PDF expected, not a data gap",master_version_table
M000141,2,,,1/3/17,false,Replaced RSLESIF with 30% active R30SLIZ. Adjusted salt quantity to reflect new salt curve.,superseded,,none_found,,,0,,,"NO_TESTING_COMMISSIONED: sheet lists no lab/project for this version (e.g. ""None Needed""/""N/A""/blank) — no PDF expected, not a data gap",master_version_table
M000141,1,,,11/2/16,false,PMMIPAZ replaced with RMIPAIZ,superseded,,none_found,,,0,,,"NO_TESTING_COMMISSIONED: sheet lists no lab/project for this version (e.g. ""None Needed""/""N/A""/blank) — no PDF expected, not a data gap",master_version_table
M000141,0,Accuratus (now Element),A17851,12/2/15,false,Version #13 from Toledo,superseded,PA; SA; SE,pdf_filename_abbrev,,efficacy/raw/M000141 Efficacy Reports/M000141 Version 0 Project A17851 PA SA SE.pdf,1,formula+version,,,master_version_table
M000717,1,Microbac,V566-122,6/6/23,true,New Version for cost savings created.,active,Pseudomonas aeruginosa ATCC15442; Staphylococcus aureus ATCC 6538; Salmonella enterica ATCC 10708,current_version_efficacy_sheet,,efficacy/raw/M000717 Efficacy Reports/M000717 Version 1 Project 566-122 PA SA SE.pdf,1,formula+version,,,master_version_table
M000717,0,,,12/3/15,false,"Concentrate from Mason, Nobac Plus ABF 10X Concentrate",superseded,,none_found,,,0,,,"NO_TESTING_COMMISSIONED: sheet lists no lab/project for this version (e.g. ""None Needed""/""N/A""/blank) — no PDF expected, not a data gap",master_version_table
M000751,5,Microbac,V566-121,4/6/23,false,Reformulated to allow active to be titrated. Updated water code to reflect new DI system,superseded,PA; SA; SE,pdf_filename_abbrev,,efficacy/raw/M000751 Efficacy Reports/M000751 Version 5 Project 566-121 PA SA SE.pdf,1,formula+version,,,master_version_table
M000751,4,Element or Microbac,A36178 or 556-120,3/21/22,false,New foaming package/reformulation. Never Activated,never_activated,PA; SA; SE,pdf_filename_abbrev,,efficacy/raw/M000751 Efficacy Reports/M000751 Version 4 Project A36178 PA SA SE.pdf; efficacy/raw/M000751 Efficacy Reports/M000751 Version 4 Projection 556-120 PA SA SE.pdf,2,formula+version,,,master_version_table
M000751,3,,,7/30/20,true,Adjust citric acid level to so closer to mid-spec pH,active,,current_version_efficacy_sheet,,,0,,,"NO_TESTING_COMMISSIONED: sheet lists no lab/project for this version (e.g. ""None Needed""/""N/A""/blank) — no PDF expected, not a data gap",master_version_table
M000751,2,,,4/10/20,false,Surfactant changed to be compatible with Benzalkonium Chloride,superseded,,none_found,,,0,,,"NO_TESTING_COMMISSIONED: sheet lists no lab/project for this version (e.g. ""None Needed""/""N/A""/blank) — no PDF expected, not a data gap",master_version_table
M000751,1,Accuratus (now Element),"A22254, A22255, A22256",3/27/17,false,"Formulation modified to support Benzalkonium Chloride as new active, in lieu of Triclosan, to comply with FDA monograph regarding topical antimicrobial drug products. Lot tracking parameter added to all raw materials for traceability requirement",superseded,SA,pdf_filename_abbrev,,efficacy/raw/M000751 Efficacy Reports/M000751 Version 1 Project A22254 SA.pdf,1,formula+version,,"PROJECT_NUMBER_FILED_ELSEWHERE: sheet lists project token ""A22255"" for M000751 v1, but that project number is only found in filename(s): M000759 ""M000759 Version 3 Project A22255 PA.pdf"" — sheet text may be misattributed to this version | PROJECT_NUMBER_FILED_ELSEWHERE: sheet lists project token ""A22256"" for M000751 v1, but that project number is only found in filename(s): M000759 ""M000759 Version 3 Project A22256 SE.pdf"" — sheet text may be misattributed to this version",master_version_table
M000751,0,Accuratus (now Element),A17851,12/3/15,false,751-01 Version #8 transitioned to Bowling Green facility.,superseded,PA; SA; SE,pdf_filename_abbrev,,efficacy/raw/M000751 Efficacy Reports/M000751 Version 0 Project A17851 PA SA SE.pdf,1,formula+version,,,master_version_table
M000752,3,N/A,None Needed,7/19/23,true,Updated water code to reflect new DI system. Added requirement for lot numbers on all raw materials (FDA product) 9-15-2021,active,Pseudomonas aeruginosa ATCC15442; Staphylococcus aureus ATCC 6538; Salmonella enterica ATCC 10708,current_version_efficacy_sheet,,,0,,,"NO_TESTING_COMMISSIONED: sheet lists no lab/project for this version (e.g. ""None Needed""/""N/A""/blank) — no PDF expected, not a data gap",master_version_table
M000752,2,N/A,None Needed,8/16/17,false,Switch to half deionized water and half cold water to stay below lonza specs while avoiding needing a larger deionized water tank,superseded,,none_found,,,0,,,"NO_TESTING_COMMISSIONED: sheet lists no lab/project for this version (e.g. ""None Needed""/""N/A""/blank) — no PDF expected, not a data gap",master_version_table
M000752,1,N/A,None Needed,8/18/17,false,"Reverted back to Version #1, lab testing showed formulation needs deionized water. RGPUSIZ replaced with RHHPCCZ.  2-21-2017 RPREVCF added to formulation. 11/16/2016",superseded,,none_found,,,0,,,"NO_TESTING_COMMISSIONED: sheet lists no lab/project for this version (e.g. ""None Needed""/""N/A""/blank) — no PDF expected, not a data gap",master_version_table
M000752,0,Accuratus (now Element),A17851,11/23/16,false,Reverted back to formulation due to stability issues incurred in the lab with Version #1. 752-01 Version #9 transitioned to Bowling Green facility. 12/3/2015,superseded,PA; SA; SE,pdf_filename_abbrev,,efficacy/raw/M000752 Efficacy Reports/M000752 Version 0 Project A17851 PA SA SE.pdf,1,formula+version,,,master_version_table
M000759,11,N/A,None Needed,10/4/18,true,Updating RPGLYZZ to RUSPGZZ to ensure use of USP grade Propylene Glycol.,active,Pseudomonas aeruginosa ATCC15442; Staphylococcus aureus ATCC 6538; Salmonella enterica ATCC 10708,current_version_efficacy_sheet,,,0,,,"NO_TESTING_COMMISSIONED: sheet lists no lab/project for this version (e.g. ""None Needed""/""N/A""/blank) — no PDF expected, not a data gap",master_version_table
M000759,10,Accuratus (now Element),"A25968, A25970, A25971",10/4/18,false,Reverted to Version 5 formula due to foam quality in Version 9. Version 10 has updated fragrance from R107EIF to RSUMMIF for Regulatory Compliance with Lilial and DEP.,superseded,SA; PA; SE,pdf_filename_abbrev,,efficacy/raw/M000759 Efficacy Reports/M000759 Version 5 Project A25968 SA.pdf; efficacy/raw/M000759 Efficacy Reports/M000759 Version 5 Project A25970 PA.pdf; efficacy/raw/M000759 Efficacy Reports/M000759 Version 5 Project A25971 SE.pdf,3,formula+project_number(no_version_token_in_filename),,,master_version_table
M000759,9,Microbac,V566-121,4/6/23,false,New surfactant package to allow active to be titrated. Updated water code to reflect the new DI system,superseded,PA; SA; SE,pdf_filename_abbrev,,efficacy/raw/M000759 Efficacy Reports/M000759 Version 9 Project 566-121 PA SA SE.pdf,1,formula+version,,,master_version_table
M000759,8,N/A,None Needed,11/14/22,false,Changed preservative from FE01 to FE02 for raw material availability,superseded,,none_found,,,0,,,"NO_TESTING_COMMISSIONED: sheet lists no lab/project for this version (e.g. ""None Needed""/""N/A""/blank) — no PDF expected, not a data gap",master_version_table
M000759,7,N/A,None Needed,3/21/22,false,New fragrance and foaming package. Never activated,never_activated,PA; SA; SE,pdf_filename_abbrev,,efficacy/raw/M000759 Efficacy Reports/M000759 Version 7 Project 556-120 PA SA SE.pdf; efficacy/raw/M000759 Efficacy Reports/M000759 Version 7 Project A36178 PA SA SE.pdf,2,formula+version,,,master_version_table
M000759,6,Element or Microbac,A36178 or 556-120,5/13/20,false,changed preservative from FE01 to HHPC for raw material availability,superseded,PA; SA; SE,pdf_filename_abbrev,,efficacy/raw/M000759 Efficacy Reports/M000759 Version 7 Project 556-120 PA SA SE.pdf; efficacy/raw/M000759 Efficacy Reports/M000759 Version 7 Project A36178 PA SA SE.pdf,2,formula+project_number(no_version_token_in_filename),,,master_version_table
M000759,5,Accuratus (now Element),"A25968, A25970, A25971",10/4/18,false,Reformulation to remove anionics and replace CG. Added parameters to record lot number of all raw materials for traceability requirements,superseded,SA; PA; SE,pdf_filename_abbrev,,efficacy/raw/M000759 Efficacy Reports/M000759 Version 5 Project A25968 SA.pdf; efficacy/raw/M000759 Efficacy Reports/M000759 Version 5 Project A25970 PA.pdf; efficacy/raw/M000759 Efficacy Reports/M000759 Version 5 Project A25971 SE.pdf,3,formula+version,,,master_version_table
M000759,4,Accuratus (now Element),"A25141, A25144, A25154",3/16/18,false,"Formulation modified to improve efficacy results by introducing Phenoxyethanol preservative, and shifting formulation to nonionics, as well as introduce a cost-savings to facilitate Compass 2.0 development. Formulation modified to mitigate film-resistance issues in Compass Dispenser (NEVER ACTIVATED)",never_activated,SA; PA; SE,pdf_filename_abbrev,,efficacy/raw/M000759 Efficacy Reports/M000759 Version 4 Project A25141  SA.pdf; efficacy/raw/M000759 Efficacy Reports/M000759 Version 4 Project A25144 PA.pdf; efficacy/raw/M000759 Efficacy Reports/M000759 Version 4 Project A25154 SE.pdf,3,formula+version,,,master_version_table
M000759,3,Accuratus (now Element),"A22254, A22255, A22256",7/28/17,false,"Formulation modified to support Benzalkonium Chloride as new active, in lieu of Triclosan, to comply with FDA monograph regarding topical antimicrobial drug products",superseded,SA; PA; SE,pdf_filename_abbrev,,efficacy/raw/M000759 Efficacy Reports/M000759 Version 3 Project A22254 SA.pdf; efficacy/raw/M000759 Efficacy Reports/M000759 Version 3 Project A22255 PA.pdf; efficacy/raw/M000759 Efficacy Reports/M000759 Version 3 Project A22256 SE.pdf,3,formula+version,,,master_version_table
M000759,2,,,3-27-2017,false,Replaced RSLESIF with 30% active R30SLIZ (Version based off of Version #0),superseded,,none_found,,,0,,,"NO_TESTING_COMMISSIONED: sheet lists no lab/project for this version (e.g. ""None Needed""/""N/A""/blank) — no PDF expected, not a data gap",master_version_table
M000759,1,N/A,None Needed,12/8/16,false,RPREVCF introduced to formulation.RPREVCF reduced from 0.10% to 0.01% to exhaust labels printed in graphics. Formulation reverted back to Version #0 because the labels were caught in time and not sent off to the printer.,superseded,,none_found,,,0,,,"NO_TESTING_COMMISSIONED: sheet lists no lab/project for this version (e.g. ""None Needed""/""N/A""/blank) — no PDF expected, not a data gap",master_version_table
M000759,0,Microbiotest or Accuratus (now Element),566-117 or A17851,12/3/15,false,759-01 Version #11 transitioned to Bowling Green facility,superseded,Multiple Species; PA; SA; SE,pdf_filename_abbrev,,efficacy/raw/M000759 Efficacy Reports/M000759 Version 0 Project 566-117 Multiple Species.pdf; efficacy/raw/M000759 Efficacy Reports/M000759 Version 0 Project A17851 PA SA SE.pdf,2,formula+version,,,master_version_table
M000795,7,Element,-5% less ethanol (A32791),7/21/25,true,Moving to MCA0795 Version of Formula due to RTCA5IF being discontinued by supplier,active,Pseudomonas aeruginosa ATCC15442; Staphylococcus aureus ATCC 6538; Salmonella enterica ATCC 10708,current_version_efficacy_sheet,,efficacy/raw/M000795 Efficacy Reports/M000795 Version 4 (-5%) Project A32791  PA SA SE.pdf,1,formula+project_number(no_version_token_in_filename),,,master_version_table
M000795,6,N/A,None Needed,5/8/25,false,Updating RPGLYZZ to RUSPGZZ to ensure use of USP grade Propylene Glycol.,superseded,,none_found,,,0,,,"NO_TESTING_COMMISSIONED: sheet lists no lab/project for this version (e.g. ""None Needed""/""N/A""/blank) — no PDF expected, not a data gap",master_version_table
M000795,5,N/A,None Needed,6/6/2022,false,increased the ethanol % based on stability study,superseded,,none_found,,,0,,,"NO_TESTING_COMMISSIONED: sheet lists no lab/project for this version (e.g. ""None Needed""/""N/A""/blank) — no PDF expected, not a data gap",master_version_table
M000795,4,Element,"With Fragrance (A29283, A29284, A29285) Without Fragrance (A30701), -5% less ethanol (A32791)",4/29/21,false,Removed RDI10IZ and adjusted RTCA5IF to optimize foam.,superseded,PA; SA; SE,pdf_filename_abbrev,,efficacy/raw/M000795 Efficacy Reports/M000795 Version 4 (-5%) Project A32791  PA SA SE.pdf; efficacy/raw/M000795 Efficacy Reports/M000795 Version 4 DF.FF Project A30537 PA SA SE.pdf; efficacy/raw/M000795 Efficacy Reports/M000795 Version 4a Project A29283 SE.pdf; efficacy/raw/M000795 Efficacy Reports/M000795 Version 4a Project A29284 SA.pdf; efficacy/raw/M000795 Efficacy Reports/M000795 Version 4a Project A29285 PA.pdf; efficacy/raw/M000795 Efficacy Reports/M000795 Version 4b Project A31620 PA SA SE.pdf; efficacy/raw/M000795 Efficacy Reports/M000795 Version 4c Project A34182 PA SA SE.pdf,7,formula+version,,"MULTIPLE_SUB_VERSIONS: raw PDFs distinguish sub-versions ""4"", ""4a"", ""4b"", ""4c"" that this single Master-sheet row (""4"") does not differentiate — review individually | PROJECT_NUMBER_FILED_ELSEWHERE: sheet lists project token ""A30701"" for M000795 v4, but that project number is only found in filename(s): M000795 ""M000795 Version 3 Project A30701 795 PA SA SE.pdf"" — sheet text may be misattributed to this version",master_version_table
M000795,3,ALG (now Element),A30701,5/21/20,false,No Notes,superseded,PA; SA; SE,pdf_filename_abbrev,,efficacy/raw/M000795 Efficacy Reports/M000795 Version 3 Project A30701 795 PA SA SE.pdf,1,formula+version,,,master_version_table
M000795,2,ALG (now Element),"Without Fragrance (A29388, A29389, A29390)",5/19/20,false,No notes,superseded,SE; SA; PA,pdf_filename_abbrev,,efficacy/raw/M000795 Efficacy Reports/M000795 Version 2 DF.FF Project A29388 SE.pdf; efficacy/raw/M000795 Efficacy Reports/M000795 Version 2 DF.FF Project A29389 SA.pdf; efficacy/raw/M000795 Efficacy Reports/M000795 Version 2 DF.FF Project A29390 PA.pdf,3,formula+version,,,master_version_table
M000795,1,ALG (now Element),"A27924, A27925, A27926",3/3/20,false,Changed fragrance to new lemon and surfactant to ethanol based thetacare AFP-50 to get rid offoul smell. Also switched to Deionized water to prevent fallout TJQ 3/3/20,superseded,SE; SA; PA,pdf_filename_abbrev,,efficacy/raw/M000795 Efficacy Reports/M000795 Version 1 Project A27924 SE.pdf; efficacy/raw/M000795 Efficacy Reports/M000795 Version 1 Project A27925 SA.pdf; efficacy/raw/M000795 Efficacy Reports/M000795 Version 1 Project A27926 PA.pdf,3,formula+version,,,master_version_table
M000795,0,,,,false,New formulation,superseded,,none_found,,,0,,,"NO_TESTING_COMMISSIONED: sheet lists no lab/project for this version (e.g. ""None Needed""/""N/A""/blank) — no PDF expected, not a data gap",master_version_table
M000796,7,N/A,None Needed,7/20/23,true,Increased the ethanol based on stability test studies 6/6/22. Updated water code to reflect new DI Water system.,active,Pseudomonas aeruginosa ATCC15442; Staphylococcus aureus ATCC 6538; Salmonella enterica ATCC 10708,current_version_efficacy_sheet,V6 (-5% eth) data,,0,,,"NO_TESTING_COMMISSIONED: sheet lists no lab/project for this version (e.g. ""None Needed""/""N/A""/blank) — no PDF expected, not a data gap",master_version_table
M000796,6,ALG (now Element),"A30211,  -5% less ethanol (A32791)",11/10/20,false,Thickener adjustment for FD-21 to meet viscosity spec.,superseded,PA; SA; SE,pdf_filename_abbrev,,efficacy/raw/M000796 Efficacy Reports/M000796 Version 6 (-5% eth) Project A32791  PA SA SE.pdf; efficacy/raw/M000796 Efficacy Reports/M000796 Version 6 Version A30211 PA SA SE.pdf,2,formula+version,,,master_version_table
M000796,5,N/A,None Needed,5/19/20,false,No Notes,superseded,,none_found,,,0,,,"NO_TESTING_COMMISSIONED: sheet lists no lab/project for this version (e.g. ""None Needed""/""N/A""/blank) — no PDF expected, not a data gap",master_version_table
M000796,4,ALG (now Element),"A29564, A29565, A29587",3/31/20,false,Cut RULTRIZ and RQUADIZ in half to stretch supply of thickener during coronavirus- 4/6/2020,superseded,SA; PA; SE,pdf_filename_abbrev,,efficacy/raw/M000796 Efficacy Reports/M000796 Version 4 Project A29564 SA.pdf; efficacy/raw/M000796 Efficacy Reports/M000796 Version 4 Project A29565 PA.pdf; efficacy/raw/M000796 Efficacy Reports/M000796 Version 4 Project A29587 SE.pdf,3,formula+version,,,master_version_table
M000796,3,ALG (now Element),"A29463, A29467, A29468",3/31/20,false,New COVID-19 response formula; contains alternative carbomer (RCB98); 3/31/20 ntbk# esc-04-2020-19B. this formuls will prevent label changes,superseded,SA; PA; SE,pdf_filename_abbrev,,efficacy/raw/M000796 Efficacy Reports/M000796 Version 3 Project A29463 SA.pdf; efficacy/raw/M000796 Efficacy Reports/M000796 Version 3 Project A29467 PA.pdf; efficacy/raw/M000796 Efficacy Reports/M000796 Version 3 Project A29468 SE.pdf,3,formula+version,,,master_version_table
M000796,2,N/A,None Needed,3/23/20,false,Duplicate of Version 1,superseded,,none_found,,,0,,,"NO_TESTING_COMMISSIONED: sheet lists no lab/project for this version (e.g. ""None Needed""/""N/A""/blank) — no PDF expected, not a data gap",master_version_table
M000796,1,ALG (now Element),"A29388, A29389, A29390",3/23/20,false,New COVID-19 response formula; contains fewer componets and alternative carbomer (RCB98); 3/23/20 ntbk# esc-04-2020-13A,superseded,SE; SA; PA,pdf_filename_abbrev,,efficacy/raw/M000796 Efficacy Reports/M000796 Version 1 Project A29388 SE.pdf; efficacy/raw/M000796 Efficacy Reports/M000796 Version 1 Project A29389 SA.pdf; efficacy/raw/M000796 Efficacy Reports/M000796 Version 1 Project A29390 PA.pdf,3,formula+version,,,master_version_table
M000796,0,ALG (now Element),"A27924, A27925, A27926",6/7/19,false,New Formulation,superseded,SE; SA,pdf_filename_abbrev,,efficacy/raw/M000796 Efficacy Reports/M000796 Version 0 Project A27924 SE.pdf; efficacy/raw/M000796 Efficacy Reports/M000796 Version 0 Project A27925 SA.pdf; efficacy/raw/M000796 Efficacy Reports/M000796 Version 0 Project A27926.pdf,3,formula+version,,,master_version_table
M000797,1,ALG (now Element),A31225,7/20/23,true,"Updated water code to new DI water system. Version 1 Theoretical Batch Weight Ethanol % spec range adjusted.06-23-2021  Mix instructions adjusted. Viscosity spec range lowered to 5000 - 15000 cps due to Compass fill line viscosity restrictions. 3-30-2021 No RHMOLIZ in formula sent out for efficacy. Lowered Glycerine concentration to 1.25% to reduce sticky feeling. 7-28-20. Updated order of addition , Ethanol then rapidgel 7-31-2020",active,Pseudomonas aeruginosa ATCC15442; Staphylococcus aureus ATCC 6538; Salmonella enterica ATCC 10708,current_version_efficacy_sheet,,efficacy/raw/M000797 Efficacy Reports/Skin Care Efficacy A31225 797 PA SA SE.pdf,1,formula+project_number(no_version_token_in_filename),,,master_version_table
M000797,0,ALG (now Element),A31225,4/24/20,false,New Formulation,superseded,PA; SA; SE,pdf_filename_abbrev,,efficacy/raw/M000797 Efficacy Reports/Skin Care Efficacy A31225 797 PA SA SE.pdf,1,formula+project_number(no_version_token_in_filename),,,master_version_table
MCA0795,0,,,8/2/21,true,New Formulation,active,Pseudomonas aeruginosa ATCC15442; Staphylococcus aureus ATCC 6538; Salmonella enterica ATCC 10708,current_version_efficacy_sheet,-5% eth data,,0,,,"NO_TESTING_COMMISSIONED: sheet lists no lab/project for this version (e.g. ""None Needed""/""N/A""/blank) — no PDF expected, not a data gap",master_version_table
MCA0796,0,ALG (now Element),A30211,11/12/20,true,New Formulation,active,Pseudomonas aeruginosa ATCC15442; Staphylococcus aureus ATCC 6538; Salmonella enterica ATCC 10708,current_version_efficacy_sheet,,efficacy/raw/M000796 Efficacy Reports/M000796 Version 6 Version A30211 PA SA SE.pdf,1,cross_formula_shared_project,,"CROSS_FORMULA_SHARED_REPORT: project number ""A30211"" is not filed under MCA0796's own folder — it is filed under M000796's folder instead (shared/combined lab panel) — verify the shared report actually covers MCA0796",master_version_table
M000752,NA,,A29692,,false,"No Master Version Table row — PDF version token did not match any sheet row. Its project number(s) (A29692) are the same ones the Master Version Table already attributes to M000141 v4 — likely a combined/shared lab panel filed redundantly under this formula's folder too, not a distinct untracked test. Verify against PDF content before assuming equivalence.",unused,SA,pdf_filename_abbrev,,efficacy/raw/M000752 Efficacy Reports/M000752 Version NA Project A29692 SA.pdf,1,,,ORPHAN_PDF: no Master Version Table row references this formula+version | SHARES_PROJECT_NUMBER_WITH: M000141 v4,inferred_from_orphan_pdf
M000752,NA,,A29693,,false,"No Master Version Table row — PDF version token did not match any sheet row. Its project number(s) (A29693) are the same ones the Master Version Table already attributes to M000141 v4 — likely a combined/shared lab panel filed redundantly under this formula's folder too, not a distinct untracked test. Verify against PDF content before assuming equivalence.",unused,PA,pdf_filename_abbrev,,efficacy/raw/M000752 Efficacy Reports/M000752 Version NA Project A29693 PA.pdf,1,,,ORPHAN_PDF: no Master Version Table row references this formula+version | SHARES_PROJECT_NUMBER_WITH: M000141 v4,inferred_from_orphan_pdf
M000752,NA,,A29694,,false,"No Master Version Table row — PDF version token did not match any sheet row. Its project number(s) (A29694) are the same ones the Master Version Table already attributes to M000141 v4 — likely a combined/shared lab panel filed redundantly under this formula's folder too, not a distinct untracked test. Verify against PDF content before assuming equivalence.",unused,SE,pdf_filename_abbrev,,efficacy/raw/M000752 Efficacy Reports/M000752 Version NA Project A29694 SE.pdf,1,,,ORPHAN_PDF: no Master Version Table row references this formula+version | SHARES_PROJECT_NUMBER_WITH: M000141 v4,inferred_from_orphan_pdf
M000796,UA,,A29388,,false,"No Master Version Table row — PDF lives under ""Unused Formulas Efficacy"" subfolder. Its project number(s) (A29388) are the same ones the Master Version Table already attributes to M000795 v2 — likely a combined/shared lab panel filed redundantly under this formula's folder too, not a distinct untracked test. Verify against PDF content before assuming equivalence.",unused,SE,pdf_filename_abbrev,,efficacy/raw/M000796 Efficacy Reports/Unused Formulas Efficacy/796 Version UA DF.FF Project A29388 SE.pdf,1,,,ORPHAN_PDF: no Master Version Table row references this formula+version | SHARES_PROJECT_NUMBER_WITH: M000795 v2,inferred_from_orphan_pdf
M000796,UA,,A29390,,false,"No Master Version Table row — PDF lives under ""Unused Formulas Efficacy"" subfolder. Its project number(s) (A29390) are the same ones the Master Version Table already attributes to M000795 v2 — likely a combined/shared lab panel filed redundantly under this formula's folder too, not a distinct untracked test. Verify against PDF content before assuming equivalence.",unused,PA,pdf_filename_abbrev,,efficacy/raw/M000796 Efficacy Reports/Unused Formulas Efficacy/796 Version UA DF.FF Project A29390 PA.pdf,1,,,ORPHAN_PDF: no Master Version Table row references this formula+version | SHARES_PROJECT_NUMBER_WITH: M000795 v2,inferred_from_orphan_pdf
M000796,UA,,A29389,,false,"No Master Version Table row — PDF lives under ""Unused Formulas Efficacy"" subfolder. Its project number(s) (A29389) are the same ones the Master Version Table already attributes to M000795 v2 — likely a combined/shared lab panel filed redundantly under this formula's folder too, not a distinct untracked test. Verify against PDF content before assuming equivalence.",unused,SA,pdf_filename_abbrev,,efficacy/raw/M000796 Efficacy Reports/Unused Formulas Efficacy/796 Version UA DF.FF Protocol A29389 SA.pdf,1,,,ORPHAN_PDF: no Master Version Table row references this formula+version | SHARES_PROJECT_NUMBER_WITH: M000795 v2,inferred_from_orphan_pdf
M000796,UA,,A27924,,false,"No Master Version Table row — PDF lives under ""Unused Formulas Efficacy"" subfolder. Its project number(s) (A27924) are the same ones the Master Version Table already attributes to M000795 v1 — likely a combined/shared lab panel filed redundantly under this formula's folder too, not a distinct untracked test. Verify against PDF content before assuming equivalence.",unused,SE,pdf_filename_abbrev,,efficacy/raw/M000796 Efficacy Reports/Unused Formulas Efficacy/796 Version UA Project A27924 SE.pdf,1,,,ORPHAN_PDF: no Master Version Table row references this formula+version | SHARES_PROJECT_NUMBER_WITH: M000795 v1,inferred_from_orphan_pdf
M000796,UA,,A27925,,false,"No Master Version Table row — PDF lives under ""Unused Formulas Efficacy"" subfolder. Its project number(s) (A27925) are the same ones the Master Version Table already attributes to M000795 v1 — likely a combined/shared lab panel filed redundantly under this formula's folder too, not a distinct untracked test. Verify against PDF content before assuming equivalence.",unused,SA,pdf_filename_abbrev,,efficacy/raw/M000796 Efficacy Reports/Unused Formulas Efficacy/796 Version UA Project A27925 SA.pdf,1,,,ORPHAN_PDF: no Master Version Table row references this formula+version | SHARES_PROJECT_NUMBER_WITH: M000795 v1,inferred_from_orphan_pdf
M000796,UA,,A27926,,false,"No Master Version Table row — PDF lives under ""Unused Formulas Efficacy"" subfolder. Its project number(s) (A27926) are the same ones the Master Version Table already attributes to M000795 v1 — likely a combined/shared lab panel filed redundantly under this formula's folder too, not a distinct untracked test. Verify against PDF content before assuming equivalence.",unused,PA,pdf_filename_abbrev,,efficacy/raw/M000796 Efficacy Reports/Unused Formulas Efficacy/796 Version UA Project A27926 PA.pdf,1,,,ORPHAN_PDF: no Master Version Table row references this formula+version | SHARES_PROJECT_NUMBER_WITH: M000795 v1,inferred_from_orphan_pdf
M000796,,,,,false,"No Master Version Table row — PDF lives under ""Unused Formulas Efficacy"" subfolder",unused,,none_found,,efficacy/raw/M000796 Efficacy Reports/Unused Formulas Efficacy/May 11th 2020.pdf,1,,,"ORPHAN_PDF_UNPARSEABLE_FILENAME: filename does not contain a ""Version <n>"" token at all (""May 11th 2020.pdf"") — needs manual review, not guessed",inferred_from_orphan_pdf
M000797,,,A29631,,false,No Master Version Table row — PDF version token did not match any sheet row,unused,SE,pdf_filename_abbrev,,efficacy/raw/M000797 Efficacy Reports/Skin Care Efficacy A29631 797 SE.pdf,1,,,"ORPHAN_PDF_UNPARSEABLE_FILENAME: filename does not contain a ""Version <n>"" token at all (""Skin Care Efficacy A29631 797 SE.pdf"") — needs manual review, not guessed",inferred_from_orphan_pdf
M000797,,,A29639,,false,No Master Version Table row — PDF version token did not match any sheet row,unused,SA,pdf_filename_abbrev,,efficacy/raw/M000797 Efficacy Reports/Skin Care Efficacy A29639 797 SA.pdf,1,,,"ORPHAN_PDF_UNPARSEABLE_FILENAME: filename does not contain a ""Version <n>"" token at all (""Skin Care Efficacy A29639 797 SA.pdf"") — needs manual review, not guessed",inferred_from_orphan_pdf
M000797,,,A29640,,false,No Master Version Table row — PDF version token did not match any sheet row,unused,SA,pdf_filename_abbrev,,efficacy/raw/M000797 Efficacy Reports/Skin Care Efficacy A29640 797 SA.pdf,1,,,"ORPHAN_PDF_UNPARSEABLE_FILENAME: filename does not contain a ""Version <n>"" token at all (""Skin Care Efficacy A29640 797 SA.pdf"") — needs manual review, not guessed",inferred_from_orphan_pdf
MCA0795,,,A32791,,true,"No Master Version Table row — PDF version token did not match any sheet row. Its project number(s) (A32791) are the same ones the Master Version Table already attributes to M000795 v7, M000795 v4, M000796 v6 — likely a combined/shared lab panel filed redundantly under this formula's folder too, not a distinct untracked test. NOTE: at least one of those rows is the CURRENT version — this report is live supporting data, not ""unused"". Verify against PDF content before assuming equivalence.",active,PA; SA; SE,pdf_filename_abbrev,,efficacy/raw/MCA0795 Efficacy Reports/Skin Care Efficacy A32791 795 796 797 -5% PA SA SE.pdf,1,,,"ORPHAN_PDF_UNPARSEABLE_FILENAME: filename does not contain a ""Version <n>"" token at all (""Skin Care Efficacy A32791 795 796 797 -5% PA SA SE.pdf"") — needs manual review, not guessed | SHARES_PROJECT_NUMBER_WITH: M000795 v7, M000795 v4, M000796 v6 | ACTIVE_SUPPORTING_DATA: this report backs a CURRENT formula version elsewhere — classified active, not unused",inferred_from_orphan_pdf
